{"stats":{"minecraft:custom":{"minecraft:time_since_rest":33856,"minecraft:damage_taken":185,"minecraft:crouch_one_cm":3,"minecraft:play_one_minute":46801,"minecraft:sprint_one_cm":6734,"minecraft:deaths":1,"minecraft:walk_one_cm":16636,"minecraft:sneak_time":176,"minecraft:mob_kills":4,"minecraft:jump":134,"minecraft:damage_dealt":1299,"minecraft:leave_game":3,"minecraft:time_since_death":33375,"minecraft:fall_one_cm":836,"minecraft:fly_one_cm":152344,"minecraft:horse_one_cm":13677},"minecraft:mined":{"minecraft:grass_block":1,"minecraft:spruce_log":2},"minecraft:picked_up":{"minecraft:leather":1,"ars_nouveau:worn_notebook":1,"minecraft:beef":3,"minecraft:spruce_log":2,"minecraft:dirt":1},"minecraft:used":{"minecraft:netherite_sword":3,"minecraft:cow_spawn_egg":2,"minecraft:dirt":1,"minecraft:grass_block":5,"minecraft:netherite_axe":11,"minecraft:spruce_log":2},"minecraft:killed":{"ars_nouveau:summon_horse":2,"minecraft:cow":2}},"DataVersion":2586}