{"stats":{"minecraft:picked_up":{"minecraft:leather":1,"minecraft:beef":3,"minecraft:spruce_log":2,"minecraft:dirt":1},"minecraft:killed":{"minecraft:cow":2},"minecraft:used":{"minecraft:netherite_sword":3,"minecraft:cow_spawn_egg":2,"minecraft:dirt":1,"minecraft:grass_block":5,"minecraft:spruce_log":2},"minecraft:mined":{"minecraft:grass_block":1,"minecraft:spruce_log":2},"minecraft:custom":{"minecraft:time_since_rest":1095,"minecraft:play_one_minute":14040,"minecraft:sprint_one_cm":6075,"minecraft:walk_one_cm":6415,"minecraft:deaths":1,"minecraft:sneak_time":90,"minecraft:mob_kills":2,"minecraft:jump":74,"minecraft:damage_dealt":200,"minecraft:leave_game":2,"minecraft:time_since_death":614,"minecraft:fall_one_cm":627,"minecraft:fly_one_cm":130024}},"DataVersion":2586}